"id","period","age","city_ind","female_ind","fixedvoice_ind","fixeddata_ind","fixedtv_ind","mobilevoice_ind","mobiledata_ind","bbi_speed_ind","bbi_usg_gb","hh_single","event_web","buy"
100100100,202012,39,1,0,0,1,1,0,"NO",1,77,0,1,1
100100101,202012,57,0,0,0,1,0,1,"NO",1,49,0,1,0
100100102,202012,55,0,1,0,1,1,1,"MOBILE STICK",0,53,0,1,1
100100103,202012,66,0,0,0,1,1,0,"NO",1,44,0,1,0
100100104,202012,71,0,1,0,1,0,0,"BUSINESS",0,55,0,1,0
100100105,202012,44,1,0,0,1,1,1,"BUSINESS",1,93,0,1,1
100100106,202012,64,0,0,0,1,0,0,"MOBILE STICK",0,50,0,1,0
100100107,202012,51,1,0,0,1,1,1,"NO",1,64,1,1,0
100100108,202012,70,1,0,0,1,0,1,"BUSINESS",0,63,1,1,0
100100109,202012,44,1,1,0,1,1,1,"BUSINESS",1,87,1,1,1
100100110,202012,58,0,1,0,1,0,0,"NO",1,45,0,1,0
100100111,202012,47,0,0,0,1,1,1,"NO",1,45,0,1,1
100100112,202012,68,1,0,0,1,0,0,"NO",0,70,1,1,0
100100113,202012,71,1,0,1,1,0,1,"MOBILE STICK",0,79,0,1,0
100100114,202012,39,0,1,0,1,1,1,"BUSINESS",1,65,0,1,1
100100115,202012,65,1,0,0,1,1,1,"BUSINESS",0,87,0,1,0
100100116,202012,44,1,1,0,1,1,0,"MOBILE STICK",0,105,0,1,1
100100117,202012,48,1,0,0,1,0,0,"NO",1,86,1,1,1
100100118,202012,35,0,0,0,1,0,0,"MOBILE STICK",1,58,0,1,1
100100119,202012,57,1,0,0,1,0,0,"BUSINESS",1,83,0,1,0
100100120,202012,61,1,1,0,1,0,0,"NO",0,77,0,1,0
100100121,202012,57,0,1,0,1,0,1,"NO",1,71,1,1,0
100100122,202012,54,0,1,0,1,0,0,"NO",1,53,0,1,0
100100123,202012,57,0,1,0,1,0,1,"NO",0,48,0,1,0
100100124,202012,60,0,0,0,1,0,1,"MOBILE STICK",1,58,0,1,0
100100125,202012,62,1,0,0,1,0,1,"MOBILE STICK",0,72,0,1,0
100100126,202012,75,1,0,1,1,0,0,"MOBILE STICK",0,74,0,1,0
100100127,202012,46,1,0,0,1,0,1,"BUSINESS",1,83,0,1,0
100100128,202012,49,0,1,0,1,1,1,"MOBILE STICK",1,47,0,1,1
100100129,202012,39,0,1,0,1,0,1,"NO",0,54,0,1,1
100100130,202012,78,1,1,1,1,1,1,"NO",0,29,1,1,0
100100131,202012,64,0,1,0,1,0,0,"BUSINESS",0,41,1,1,0
100100132,202012,60,0,0,0,1,0,0,"NO",1,51,0,1,0
100100133,202012,57,0,0,0,1,1,1,"NO",0,45,0,1,0
100100134,202012,64,1,0,0,1,0,1,"BUSINESS",0,87,1,1,1
100100135,202012,53,0,0,0,1,1,1,"NO",1,73,0,1,1
100100136,202012,58,1,0,1,1,0,0,"NO",1,63,1,1,0
100100137,202012,49,1,1,0,1,1,0,"BUSINESS",1,84,0,1,1
100100138,202012,39,0,1,0,1,0,1,"MOBILE STICK",0,63,1,1,1
100100139,202012,43,0,0,0,1,0,1,"NO",1,51,0,1,1
100100140,202012,42,0,1,0,1,1,1,"NO",1,63,1,1,1
100100141,202012,40,1,1,0,1,0,1,"MOBILE STICK",1,72,1,1,1
100100142,202012,52,0,1,0,1,0,0,"NO",0,49,1,1,1
100100143,202012,33,0,1,0,1,1,1,"BUSINESS",1,42,1,1,1
100100144,202012,54,1,1,0,1,1,0,"BUSINESS",1,97,0,1,1
100100145,202012,54,0,1,0,1,1,0,"BUSINESS",1,59,0,1,1
100100146,202012,33,0,0,0,1,1,0,"MOBILE STICK",0,57,0,1,1
100100147,202012,51,1,1,0,1,0,1,"NO",1,94,0,1,1
100100148,202012,69,1,1,0,1,1,1,"MOBILE STICK",0,101,1,1,1
100100149,202012,59,0,0,0,1,0,1,"MOBILE STICK",1,43,1,1,0
100100150,202012,53,1,1,0,1,1,0,"MOBILE STICK",1,68,0,1,1
100100151,202012,37,1,1,0,1,1,0,"MOBILE STICK",1,79,0,1,1
100100152,202012,50,0,1,0,1,0,0,"NO",1,35,0,1,0
100100153,202012,47,0,1,0,1,1,1,"MOBILE STICK",1,54,1,1,1
100100154,202012,69,0,0,0,1,0,0,"BUSINESS",0,49,0,1,0
100100155,202012,30,1,1,0,1,0,1,"NO",1,75,1,1,1
100100156,202012,44,0,1,0,1,1,1,"NO",1,77,1,1,1
100100157,202012,49,0,0,0,1,0,0,"BUSINESS",1,52,0,1,0
100100158,202012,49,1,0,0,1,0,0,"MOBILE STICK",1,71,0,1,0
100100159,202012,39,1,1,0,1,1,1,"BUSINESS",1,97,1,1,1
100100160,202012,53,0,0,0,1,0,1,"NO",1,65,0,1,0
100100161,202012,51,0,1,0,1,1,1,"BUSINESS",1,57,0,1,1
100100162,202012,34,1,1,0,1,1,1,"NO",1,80,1,1,1
100100163,202012,60,1,1,0,1,1,1,"BUSINESS",1,70,0,1,1
100100164,202012,55,0,0,0,1,1,1,"MOBILE STICK",1,43,0,1,0
100100165,202012,46,0,1,0,1,1,1,"BUSINESS",1,46,0,1,1
100100166,202012,69,0,0,0,1,0,1,"NO",0,57,0,1,0
100100167,202012,62,0,0,0,1,0,0,"MOBILE STICK",0,48,1,1,0
100100168,202012,58,1,0,0,1,1,0,"NO",1,76,1,1,0
100100169,202012,46,1,1,0,1,1,0,"NO",1,78,0,1,1
100100170,202012,73,1,0,1,1,0,1,"MOBILE STICK",0,55,1,1,0
100100171,202012,53,0,0,0,1,0,0,"NO",1,39,1,1,0
100100172,202012,53,0,1,0,1,0,0,"MOBILE STICK",1,57,0,1,0
100100173,202012,48,0,0,0,1,0,0,"MOBILE STICK",1,52,1,1,1
100100174,202012,41,1,1,0,1,1,0,"BUSINESS",1,66,1,1,1
100100175,202012,59,1,1,0,1,1,1,"NO",1,64,0,1,1
100100176,202012,52,0,1,0,1,0,1,"BUSINESS",1,54,0,1,1
100100177,202012,62,0,0,1,1,0,0,"MOBILE STICK",0,53,0,1,0
100100178,202012,30,0,1,1,1,0,0,"NO",1,57,0,1,1
100100179,202012,45,1,1,0,1,1,1,"MOBILE STICK",0,75,0,1,1
100100180,202012,42,1,1,0,1,1,0,"BUSINESS",0,79,1,1,1
100100181,202012,69,1,0,0,1,0,1,"NO",0,71,1,1,0
100100182,202012,33,0,0,0,1,0,1,"MOBILE STICK",1,69,1,1,1
100100183,202012,64,1,0,0,1,0,0,"MOBILE STICK",0,71,0,1,0
100100184,202012,35,1,1,0,1,0,0,"MOBILE STICK",1,79,1,1,1
100100185,202012,43,1,1,0,1,1,1,"NO",1,76,0,1,1
100100186,202012,53,1,1,0,1,0,1,"NO",1,60,0,1,0
100100187,202012,55,0,0,0,1,0,1,"BUSINESS",1,49,0,1,0
100100188,202012,78,1,0,1,1,0,1,"NO",0,31,0,1,0
100100189,202012,32,1,1,0,1,1,1,"MOBILE STICK",1,95,1,1,1
100100190,202012,17,1,0,0,1,0,1,"BUSINESS",1,82,1,1,1
100100191,202012,61,0,0,0,1,0,1,"NO",0,31,1,1,0
100100192,202012,53,0,0,0,1,0,1,"BUSINESS",0,47,0,1,1
100100193,202012,49,0,1,0,1,1,0,"MOBILE STICK",1,57,0,1,0
100100194,202012,50,0,0,0,1,1,1,"NO",1,37,0,1,1
100100195,202012,33,1,1,0,1,0,1,"BUSINESS",1,87,1,1,1
100100196,202012,57,0,0,1,1,0,1,"NO",1,53,0,1,0
100100197,202012,26,0,0,0,1,0,0,"NO",1,53,0,1,1
100100198,202012,57,1,1,0,1,0,1,"MOBILE STICK",1,74,0,1,1
100100199,202012,68,0,1,0,1,0,0,"MOBILE STICK",0,37,0,1,0
100100200,202012,57,0,0,0,1,0,1,"BUSINESS",1,38,0,1,0
100100201,202012,45,0,1,0,1,1,1,"NO",1,56,0,1,1
100100202,202012,45,0,0,0,1,0,0,"BUSINESS",1,45,1,1,1
100100203,202012,54,0,0,0,1,0,1,"BUSINESS",1,47,1,1,0
100100204,202012,53,0,1,0,1,1,1,"NO",1,54,1,1,1
100100205,202012,58,0,0,0,1,0,1,"BUSINESS",1,52,0,1,0
100100206,202012,85,0,1,1,1,1,1,"NO",0,9,1,1,0
100100207,202012,70,1,0,0,1,0,0,"NO",0,73,0,1,0
100100208,202012,42,0,1,0,1,1,0,"BUSINESS",1,66,0,1,1
100100209,202012,37,0,1,0,1,0,1,"BUSINESS",1,62,0,1,1
100100210,202012,71,0,0,1,1,0,0,"NO",0,44,0,1,0
100100211,202012,33,1,1,0,1,1,0,"NO",1,78,1,1,1
100100212,202012,62,0,1,0,1,1,1,"NO",1,74,0,1,1
100100213,202012,54,1,0,1,1,0,1,"MOBILE STICK",1,86,0,1,0
100100214,202012,55,1,0,0,1,0,1,"MOBILE STICK",1,75,0,1,0
100100215,202012,19,1,1,0,1,1,1,"NO",1,70,1,1,1
100100216,202012,60,0,0,0,1,1,0,"BUSINESS",0,53,0,1,0
100100217,202012,69,0,0,0,1,0,1,"NO",0,62,1,1,0
100100218,202012,70,0,1,0,1,0,0,"NO",0,39,0,1,0
100100219,202012,60,1,1,1,1,1,1,"MOBILE STICK",1,91,1,1,1
100100220,202012,55,0,1,0,1,0,0,"NO",1,35,0,1,0
100100221,202012,48,0,1,1,1,0,1,"BUSINESS",1,58,1,1,1
100100222,202012,53,0,1,0,1,1,1,"NO",1,73,0,1,1
100100223,202012,47,1,1,0,1,1,0,"BUSINESS",1,80,0,1,1
100100224,202012,36,1,0,0,1,0,1,"MOBILE STICK",1,87,0,1,1
100100225,202012,60,1,1,0,1,1,0,"MOBILE STICK",1,69,0,1,0
100100226,202012,47,0,1,0,1,1,1,"NO",1,52,0,1,1
100100227,202012,34,0,1,0,1,1,0,"BUSINESS",1,73,0,1,1
100100228,202012,31,1,1,1,1,0,0,"MOBILE STICK",1,84,1,1,1
100100229,202012,69,0,0,0,1,0,0,"NO",0,45,0,1,0
100100230,202012,39,0,0,0,1,0,1,"NO",1,37,1,1,0
100100231,202012,55,0,0,0,1,0,1,"MOBILE STICK",1,53,0,1,0
100100232,202012,47,1,0,0,1,0,1,"NO",0,66,0,1,0
100100233,202012,71,0,0,1,1,0,1,"NO",0,57,0,1,0
100100234,202012,58,1,0,0,1,0,1,"MOBILE STICK",1,80,1,1,0
100100235,202012,56,1,0,0,1,1,1,"MOBILE STICK",1,89,1,1,0
100100236,202012,74,1,1,1,1,0,1,"MOBILE STICK",0,70,0,1,0
100100237,202012,71,1,0,1,1,0,0,"MOBILE STICK",0,72,1,1,0
100100238,202012,51,0,0,0,1,0,0,"MOBILE STICK",1,46,0,1,0
100100239,202012,40,1,1,0,1,0,0,"NO",1,73,1,1,1
100100240,202012,37,0,1,0,1,1,1,"NO",1,36,0,1,1
100100241,202012,48,1,0,0,1,1,1,"NO",0,68,1,1,1
100100242,202012,47,0,1,0,1,1,0,"NO",1,66,1,1,1
100100243,202012,51,1,1,0,1,1,1,"NO",1,96,0,1,1
100100244,202012,71,0,0,1,1,0,1,"NO",0,36,1,1,0
100100245,202012,54,1,0,0,1,0,1,"MOBILE STICK",1,87,0,1,1
100100246,202012,37,1,0,0,1,0,1,"NO",1,76,0,1,1
100100247,202012,42,1,0,0,1,1,1,"NO",0,88,0,1,1
100100248,202012,52,1,0,0,1,1,1,"MOBILE STICK",0,97,0,1,1
100100249,202012,57,1,1,0,1,0,1,"NO",1,60,0,1,0
100100250,202012,38,1,1,0,1,0,0,"BUSINESS",1,49,0,1,0
100100251,202012,46,1,1,0,1,1,0,"MOBILE STICK",1,77,0,1,1
100100252,202012,51,1,1,0,1,0,1,"NO",1,87,0,1,1
100100253,202012,30,1,1,0,1,1,0,"NO",0,90,1,1,1
100100254,202012,50,0,1,0,1,1,1,"NO",0,65,1,1,1
100100255,202012,37,1,1,0,1,1,0,"NO",1,79,0,1,1
100100256,202012,52,1,0,0,1,1,1,"NO",1,101,0,1,0
100100257,202012,50,1,1,0,1,0,1,"MOBILE STICK",1,90,0,1,1
100100258,202012,53,1,0,0,1,1,1,"NO",1,76,0,1,1
100100259,202012,46,1,1,0,1,0,1,"NO",0,82,0,1,1
100100260,202012,70,1,0,0,1,0,0,"NO",0,78,1,1,0
100100261,202012,59,1,1,0,1,0,0,"NO",0,85,1,1,1
100100262,202012,66,1,0,0,1,1,1,"NO",0,70,0,1,0
100100263,202012,45,1,0,0,1,0,1,"NO",1,82,0,1,1
100100264,202012,23,0,0,0,1,1,0,"NO",1,65,0,1,1
100100265,202012,56,1,0,0,1,0,1,"MOBILE STICK",1,64,0,1,0
100100266,202012,70,1,1,0,1,1,0,"BUSINESS",0,67,0,1,0
100100267,202012,43,0,1,0,1,1,1,"NO",0,68,0,1,1
100100268,202012,51,0,1,0,1,1,0,"MOBILE STICK",1,56,0,1,1
100100269,202012,55,1,1,0,1,1,1,"NO",1,86,1,1,1
100100270,202012,55,1,0,0,1,1,0,"NO",1,59,0,1,0
100100271,202012,42,1,1,0,1,1,1,"MOBILE STICK",0,89,0,1,1
100100272,202012,60,0,0,0,1,0,0,"NO",1,63,0,1,0
100100273,202012,53,1,1,0,1,0,0,"NO",1,65,1,1,0
100100274,202012,69,1,1,0,1,1,0,"NO",1,54,0,1,0
100100275,202012,74,0,1,1,1,0,0,"BUSINESS",0,53,1,1,0
100100276,202012,34,1,0,0,1,0,1,"NO",1,82,1,1,1
100100277,202012,55,0,0,0,1,1,1,"NO",1,34,0,1,0
100100278,202012,55,0,1,0,1,0,1,"BUSINESS",1,56,1,1,0
100100279,202012,74,1,1,1,1,1,0,"NO",0,50,0,1,0
100100280,202012,64,0,0,0,1,0,0,"MOBILE STICK",0,42,0,1,0
100100281,202012,55,0,1,0,1,1,1,"BUSINESS",1,76,0,1,1
100100282,202012,57,0,0,0,1,0,1,"NO",1,58,0,1,0
100100283,202012,35,1,0,0,1,1,1,"MOBILE STICK",1,81,0,1,1
100100284,202012,52,0,0,1,1,0,1,"BUSINESS",1,22,0,1,0
100100285,202012,41,0,1,0,1,1,1,"BUSINESS",1,61,0,1,1
100100286,202012,43,0,1,0,1,0,1,"NO",1,49,1,1,1
100100287,202012,35,0,0,0,1,0,1,"NO",0,50,0,1,0
100100288,202012,47,0,1,0,1,1,1,"BUSINESS",0,51,0,1,0
100100289,202012,61,1,0,0,1,1,0,"NO",1,75,1,1,0
100100290,202012,44,0,0,0,1,0,1,"NO",0,57,0,1,1
100100291,202012,57,1,1,0,1,0,1,"NO",1,78,1,1,1
100100292,202012,47,0,0,0,1,0,1,"BUSINESS",1,45,1,1,0
100100293,202012,78,1,0,1,1,0,1,"MOBILE STICK",0,30,1,1,0
100100294,202012,56,0,0,0,1,0,1,"NO",1,43,1,1,0
100100295,202012,70,0,1,0,1,0,0,"BUSINESS",0,66,1,1,1
100100296,202012,43,1,1,0,1,0,1,"NO",1,70,0,1,1
100100297,202012,57,0,1,0,1,0,1,"NO",1,37,1,1,0
100100298,202012,49,0,1,0,1,0,0,"NO",1,59,0,1,1
100100299,202012,60,1,1,0,1,0,1,"NO",0,65,0,1,0
100100300,202012,38,0,1,0,1,1,1,"MOBILE STICK",1,64,0,1,1
100100301,202012,55,0,0,0,1,0,1,"NO",0,35,1,1,0
100100302,202012,30,0,1,0,1,0,0,"NO",1,53,0,1,0
100100303,202012,79,0,1,1,1,0,1,"BUSINESS",0,9,0,1,0
100100304,202012,31,1,1,0,1,1,1,"NO",1,71,1,1,1
100100305,202012,49,0,0,0,1,0,0,"NO",1,58,0,1,0
100100306,202012,48,0,1,0,1,0,0,"NO",1,68,1,1,1
100100307,202012,36,0,1,0,1,0,0,"BUSINESS",1,66,0,1,1
100100308,202012,47,1,0,0,1,1,1,"BUSINESS",1,69,0,1,1
100100309,202012,52,0,1,0,1,1,1,"NO",1,57,0,1,1
100100310,202012,56,0,0,0,1,1,0,"MOBILE STICK",1,63,1,1,1
100100311,202012,43,1,1,0,1,1,0,"NO",1,66,0,1,1
100100312,202012,44,0,1,0,1,1,1,"BUSINESS",1,52,1,1,1
100100313,202012,68,1,1,0,1,0,1,"NO",0,75,1,1,0
100100314,202012,59,1,1,0,1,1,1,"NO",1,91,1,1,1
100100315,202012,56,1,0,0,1,0,1,"BUSINESS",1,73,0,1,0
100100316,202012,53,0,0,0,1,1,1,"NO",1,55,1,1,1
100100317,202012,42,0,1,0,1,1,1,"NO",1,54,0,1,1
100100318,202012,76,1,0,0,1,0,0,"NO",0,30,0,1,0
100100319,202012,61,1,0,0,1,0,1,"NO",0,67,0,1,0
100100320,202012,35,1,1,0,1,1,1,"NO",0,87,1,1,1
100100321,202012,62,0,0,0,1,0,0,"BUSINESS",0,39,0,1,0
100100322,202012,56,0,0,0,1,0,1,"NO",1,40,0,1,0
100100323,202012,49,1,1,0,1,0,1,"MOBILE STICK",0,66,0,1,0
100100324,202012,45,1,1,0,1,0,1,"MOBILE STICK",1,84,0,1,1
100100325,202012,48,1,0,0,1,1,0,"MOBILE STICK",1,89,1,1,1
100100326,202012,51,1,1,0,1,1,1,"NO",0,80,0,1,1
100100327,202012,49,1,0,0,1,0,0,"BUSINESS",1,75,0,1,0
100100328,202012,49,1,1,0,1,0,0,"MOBILE STICK",1,69,1,1,0
100100329,202012,61,0,0,0,1,0,0,"NO",0,53,0,1,0
100100330,202012,76,0,0,1,1,0,1,"BUSINESS",0,10,0,1,0
100100331,202012,54,0,1,0,1,1,0,"NO",0,61,0,1,1
100100332,202012,64,0,0,0,1,0,1,"NO",0,48,0,1,0
100100333,202012,59,1,1,0,1,1,1,"NO",1,78,1,1,1
100100334,202012,44,1,0,0,1,0,0,"MOBILE STICK",1,74,1,1,1
100100335,202012,50,1,0,0,1,1,0,"NO",1,97,1,1,1
100100336,202012,51,0,1,0,1,1,1,"MOBILE STICK",1,52,0,1,1
100100337,202012,57,0,0,0,1,0,0,"NO",0,47,0,1,0
100100338,202012,44,1,1,0,1,1,0,"NO",0,72,1,1,1
100100339,202012,63,0,0,0,1,0,0,"MOBILE STICK",0,47,0,1,0
100100340,202012,59,0,0,0,1,0,0,"MOBILE STICK",1,55,0,1,0
100100341,202012,54,0,1,0,1,0,1,"NO",1,28,1,1,0
100100342,202012,69,0,1,0,1,0,1,"NO",0,58,0,1,1
100100343,202012,79,0,0,1,1,0,0,"NO",0,10,0,1,0
100100344,202012,47,0,1,0,1,1,1,"NO",0,49,1,1,1
100100345,202012,51,1,1,0,1,0,1,"BUSINESS",0,68,1,1,0
100100346,202012,72,1,1,0,1,0,1,"NO",0,83,1,1,1
100100347,202012,56,0,0,0,1,0,0,"NO",1,53,1,1,0
100100348,202012,73,1,0,0,1,0,0,"BUSINESS",1,65,0,1,0
100100349,202012,63,0,1,0,1,0,0,"BUSINESS",0,73,0,1,0
100100350,202012,60,0,1,0,1,0,1,"MOBILE STICK",1,57,0,1,1
100100351,202012,44,1,1,0,1,1,1,"NO",1,64,0,1,1
100100352,202012,59,0,0,0,1,0,1,"MOBILE STICK",1,44,0,1,0
100100353,202012,47,1,0,0,1,1,1,"NO",1,90,0,1,1
100100354,202012,65,0,0,0,1,0,1,"NO",0,42,0,1,0
100100355,202012,75,0,0,1,1,0,1,"MOBILE STICK",0,49,0,1,0
100100356,202012,55,0,1,0,1,1,1,"MOBILE STICK",0,56,0,1,1
100100357,202012,43,1,1,0,1,1,0,"MOBILE STICK",1,73,0,1,1
100100358,202012,25,1,1,0,1,1,1,"NO",0,93,1,1,1
100100359,202012,66,0,0,0,1,0,1,"MOBILE STICK",0,31,0,1,0
100100360,202012,49,0,1,0,1,1,1,"NO",1,50,1,1,0
100100361,202012,43,0,0,0,1,0,0,"MOBILE STICK",1,48,0,1,0
100100362,202012,60,1,0,0,1,0,1,"NO",1,84,0,1,0
100100363,202012,60,0,1,0,1,1,1,"NO",0,49,1,1,0
100100364,202012,84,0,0,0,1,0,1,"NO",0,9,0,1,0
100100365,202012,48,0,0,0,1,1,1,"NO",1,52,1,1,0
100100366,202012,58,1,0,0,1,0,1,"NO",0,72,0,1,1
100100367,202012,43,1,1,0,1,1,1,"NO",1,84,0,1,1
100100368,202012,42,0,1,0,1,1,1,"BUSINESS",1,49,1,1,1
100100369,202012,60,0,1,0,1,0,0,"NO",1,38,1,1,0
100100370,202012,53,0,1,0,1,0,0,"NO",1,62,0,1,0
100100371,202012,41,1,0,0,1,1,1,"MOBILE STICK",1,82,1,1,1
100100372,202012,50,0,0,1,1,0,1,"NO",0,44,0,1,1
100100373,202012,29,1,1,0,1,1,0,"NO",0,74,1,1,1
100100374,202012,40,0,0,0,1,0,1,"BUSINESS",1,56,1,1,0
100100375,202012,74,0,1,1,1,1,0,"NO",0,53,1,1,0
100100376,202012,65,0,0,0,1,1,0,"MOBILE STICK",0,46,0,1,0
100100377,202012,42,1,1,0,1,1,1,"NO",1,71,0,1,1
100100378,202012,50,1,1,0,1,1,1,"NO",0,77,0,1,1
100100379,202012,59,1,1,1,1,0,1,"NO",1,79,1,1,0
100100380,202012,63,0,0,0,1,1,1,"NO",0,44,0,1,0
100100381,202012,54,1,1,1,1,1,1,"BUSINESS",1,90,1,1,1
100100382,202012,45,0,0,0,1,0,0,"MOBILE STICK",1,67,1,1,1
100100383,202012,33,0,0,0,1,0,0,"MOBILE STICK",1,57,0,1,1
100100384,202012,32,1,1,0,1,1,0,"NO",1,62,1,1,1
100100385,202012,39,1,1,0,1,1,1,"NO",1,72,1,1,1
100100386,202012,53,1,0,0,1,0,0,"NO",1,87,1,1,1
100100387,202012,25,1,1,0,1,0,1,"BUSINESS",1,98,1,1,1
100100388,202012,26,0,0,0,1,1,1,"NO",1,68,0,1,1
100100389,202012,61,0,0,0,1,0,1,"MOBILE STICK",0,40,0,1,0
100100390,202012,49,1,1,0,1,0,1,"NO",1,82,1,1,1
100100391,202012,36,0,0,0,1,0,0,"BUSINESS",0,56,0,1,1
100100392,202012,54,1,0,0,1,0,0,"NO",0,74,0,1,1
100100393,202012,50,1,0,0,1,1,1,"NO",1,59,0,1,0
100100394,202012,62,0,0,0,1,0,1,"NO",0,42,0,1,0
100100395,202012,62,0,1,0,1,1,0,"NO",0,58,1,1,0
100100396,202012,61,0,0,0,1,0,1,"BUSINESS",0,69,0,1,0
100100397,202012,41,1,1,0,1,0,1,"MOBILE STICK",0,86,0,1,1
100100398,202012,47,0,1,0,1,1,0,"NO",1,48,1,1,1
100100399,202012,50,1,0,0,1,0,1,"NO",1,63,0,1,0
100100400,202012,47,0,0,0,1,0,1,"NO",1,71,0,1,0
100100401,202012,38,0,1,0,1,0,0,"MOBILE STICK",1,55,0,1,1
100100402,202012,59,0,0,0,1,0,1,"MOBILE STICK",1,42,0,1,0
100100403,202012,73,0,1,1,1,0,1,"MOBILE STICK",0,45,0,1,0
100100404,202012,76,0,0,1,1,0,0,"MOBILE STICK",0,9,0,1,0
100100405,202012,46,1,1,0,1,0,0,"NO",1,84,0,1,1
100100406,202012,44,0,1,0,1,0,0,"NO",1,57,0,1,1
100100407,202012,67,1,1,0,1,0,1,"BUSINESS",0,91,0,1,1
100100408,202012,48,0,1,0,1,1,1,"BUSINESS",1,46,0,1,1
100100409,202012,43,1,1,0,1,1,1,"MOBILE STICK",0,79,0,1,1
100100410,202012,20,1,1,0,1,1,0,"MOBILE STICK",0,87,1,1,1
100100411,202012,29,1,0,0,1,0,0,"NO",1,69,1,1,1
100100412,202012,63,1,1,0,1,0,1,"BUSINESS",0,65,0,1,0
100100413,202012,47,1,1,0,1,0,1,"NO",0,84,1,1,1
100100414,202012,48,0,1,1,1,1,0,"NO",1,46,0,1,1
100100415,202012,58,1,1,0,1,1,0,"MOBILE STICK",1,50,0,1,0
100100416,202012,56,0,0,0,1,1,0,"NO",1,47,1,1,0
100100417,202012,57,0,0,1,1,0,1,"NO",1,80,1,1,1
100100418,202012,36,1,0,0,1,1,1,"NO",1,72,0,1,1
100100419,202012,64,0,0,0,1,0,1,"NO",0,36,0,1,0
100100420,202012,48,1,0,0,1,1,1,"MOBILE STICK",0,69,0,1,0
100100421,202012,52,0,1,0,1,1,1,"NO",1,72,0,1,1
100100422,202012,44,1,1,0,1,1,1,"NO",1,71,1,1,1
100100423,202012,51,1,0,0,1,1,1,"NO",1,76,0,1,0
100100424,202012,42,0,1,0,1,0,1,"NO",1,57,0,1,1
100100425,202012,39,1,1,0,1,1,0,"BUSINESS",1,60,0,1,1
100100426,202012,46,0,0,0,1,0,1,"MOBILE STICK",1,49,0,1,0
100100427,202012,26,1,1,0,1,1,0,"NO",0,83,1,1,1
100100428,202012,33,1,0,0,1,0,1,"BUSINESS",0,78,1,1,1
100100429,202012,71,0,0,1,1,0,1,"BUSINESS",0,51,1,1,0
100100430,202012,61,0,0,0,1,0,1,"NO",0,41,1,1,0
100100431,202012,39,1,0,1,1,1,1,"NO",1,73,1,1,1
100100432,202012,42,0,0,0,1,0,1,"BUSINESS",1,49,0,1,0
100100433,202012,49,0,0,0,1,1,1,"NO",1,63,1,1,0
100100434,202012,43,0,0,0,1,0,0,"NO",1,47,1,1,1
100100435,202012,48,0,0,0,1,0,0,"BUSINESS",1,52,0,1,1
100100436,202012,41,0,0,1,1,0,0,"NO",1,50,0,1,0
100100437,202012,74,1,1,0,1,0,1,"NO",0,58,1,1,0
100100438,202012,74,0,1,1,1,0,0,"MOBILE STICK",0,37,0,1,0
100100439,202012,49,0,1,0,1,1,1,"NO",1,47,1,1,0
100100440,202012,37,1,1,0,1,0,1,"BUSINESS",1,75,0,1,1
100100441,202012,72,1,0,1,1,1,0,"NO",1,86,0,1,1
100100442,202012,59,0,0,0,1,0,0,"NO",0,46,1,1,0
100100443,202012,46,1,0,0,1,0,0,"NO",1,65,0,1,1
100100444,202012,51,1,0,0,1,0,1,"BUSINESS",1,105,0,1,1
100100445,202012,45,1,0,0,1,0,0,"NO",0,75,0,1,1
100100446,202012,56,1,1,0,1,0,1,"NO",1,94,1,1,0
100100447,202012,55,1,0,0,1,0,1,"NO",1,71,0,1,1
100100448,202012,61,1,0,0,1,1,1,"MOBILE STICK",0,85,1,1,1
100100449,202012,44,0,0,0,1,0,1,"MOBILE STICK",1,44,0,1,0
100100450,202012,51,0,1,0,1,0,0,"NO",0,71,1,1,1
100100451,202012,75,1,0,1,1,0,0,"NO",0,64,1,1,0
100100452,202012,83,0,1,0,1,1,1,"NO",0,10,0,1,0
100100453,202012,33,1,0,0,1,1,1,"BUSINESS",1,85,1,1,1
100100454,202012,68,1,0,0,1,0,1,"BUSINESS",1,67,0,1,0
100100455,202012,60,0,0,0,1,0,1,"NO",0,43,0,1,0
100100456,202012,75,1,1,1,1,0,1,"MOBILE STICK",1,68,0,1,0
100100457,202012,41,1,1,0,1,0,0,"NO",1,61,1,1,1
100100458,202012,46,0,1,0,1,1,0,"NO",1,58,1,1,1
100100459,202012,42,0,0,1,1,0,1,"NO",1,45,0,1,0
100100460,202012,54,1,1,0,1,1,1,"BUSINESS",1,80,1,1,1
100100461,202012,46,0,1,0,1,0,1,"MOBILE STICK",1,44,1,1,1
100100462,202012,46,1,0,0,1,0,0,"NO",1,76,0,1,0
100100463,202012,36,0,1,0,1,1,1,"BUSINESS",1,59,1,1,1
100100464,202012,43,1,1,0,1,0,0,"MOBILE STICK",1,69,1,1,1
100100465,202012,71,0,1,1,1,0,1,"NO",0,63,1,1,0
100100466,202012,26,1,1,0,1,1,1,"MOBILE STICK",1,79,1,1,1
100100467,202012,56,0,0,0,1,0,1,"NO",1,43,1,1,1
100100468,202012,40,0,0,0,1,0,1,"NO",1,75,0,1,1
100100469,202012,62,0,1,0,1,1,1,"BUSINESS",0,54,0,1,1
100100470,202012,34,1,1,0,1,1,0,"NO",1,82,1,1,1
100100471,202012,46,1,1,0,1,1,1,"BUSINESS",1,96,1,1,1
100100472,202012,62,0,0,0,1,0,1,"NO",0,57,0,1,0
100100473,202012,54,1,1,0,1,1,0,"MOBILE STICK",1,81,1,1,1
100100474,202012,66,0,0,0,1,1,0,"NO",0,53,1,1,0
100100475,202012,71,0,0,1,1,1,0,"NO",0,45,0,1,0
100100476,202012,84,1,0,1,1,1,1,"NO",0,32,0,1,0
100100477,202012,63,0,1,0,1,0,1,"NO",0,62,0,1,1
100100478,202012,57,1,1,0,1,1,0,"NO",0,74,1,1,1
100100479,202012,67,0,0,0,1,0,1,"MOBILE STICK",0,45,0,1,0
100100480,202012,59,0,1,0,1,1,1,"MOBILE STICK",1,55,0,1,0
100100481,202012,44,1,0,0,1,0,1,"MOBILE STICK",1,61,0,1,0
100100482,202012,43,0,1,0,1,0,1,"BUSINESS",1,67,0,1,1
100100483,202012,52,0,0,1,1,1,1,"NO",0,58,0,1,0
100100484,202012,65,0,1,0,1,0,1,"BUSINESS",0,40,0,1,0
100100485,202012,69,0,0,0,1,1,0,"NO",0,62,0,1,0
100100486,202012,35,1,1,0,1,1,1,"MOBILE STICK",1,76,1,1,1
100100487,202012,39,0,0,0,1,1,1,"BUSINESS",1,75,0,1,1
100100488,202012,37,1,1,0,1,0,0,"NO",1,84,1,1,1
100100489,202012,49,0,0,0,1,1,1,"MOBILE STICK",1,45,1,1,1
100100490,202012,47,0,1,0,1,0,1,"NO",1,57,0,1,0
100100491,202012,51,1,1,0,1,0,1,"NO",1,72,1,1,1
100100492,202012,71,1,0,1,1,0,0,"NO",0,65,1,1,0
100100493,202012,58,0,0,0,1,1,0,"NO",1,54,0,1,0
100100494,202012,50,1,1,0,1,0,1,"BUSINESS",1,90,1,1,1
100100495,202012,38,1,1,0,1,0,0,"MOBILE STICK",1,75,0,1,1
100100496,202012,47,1,1,0,1,0,1,"NO",1,81,1,1,1
100100497,202012,41,1,1,1,1,0,0,"NO",1,64,0,1,1
100100498,202012,49,1,0,0,1,1,1,"MOBILE STICK",1,59,0,1,1
100100499,202012,67,0,0,0,1,1,1,"NO",0,31,0,1,0
100100500,202012,75,0,1,0,1,1,0,"BUSINESS",0,42,0,1,0
100100501,202012,37,1,1,0,1,1,1,"MOBILE STICK",1,90,0,1,1
100100502,202012,60,0,0,0,1,0,1,"MOBILE STICK",1,41,1,1,0
100100503,202012,76,1,0,1,1,0,0,"NO",0,29,1,1,0
100100504,202012,56,1,0,0,1,1,1,"MOBILE STICK",1,77,0,1,1
100100505,202012,39,0,1,0,1,1,0,"BUSINESS",0,49,0,1,1
100100506,202012,65,1,0,0,1,0,1,"NO",0,76,1,1,0
100100507,202012,45,1,1,0,1,0,1,"NO",1,82,0,1,1
100100508,202012,48,1,1,0,1,0,1,"NO",0,87,1,1,1
100100509,202012,74,0,1,1,1,0,1,"NO",0,41,0,1,0
100100510,202012,71,1,1,1,1,1,1,"NO",0,79,1,1,1
100100511,202012,50,0,0,0,1,1,0,"NO",1,50,0,1,0
100100512,202012,46,0,1,0,1,1,1,"NO",1,64,0,1,1
100100513,202012,27,1,1,0,1,1,0,"BUSINESS",1,81,1,1,1
100100514,202012,51,1,1,0,1,1,1,"MOBILE STICK",1,73,1,1,1
100100515,202012,56,1,1,0,1,0,1,"NO",1,87,0,1,1
100100516,202012,62,0,0,0,1,0,1,"MOBILE STICK",0,54,0,1,0
100100517,202012,26,1,1,0,1,1,0,"MOBILE STICK",1,79,1,1,1
100100518,202012,49,1,1,0,1,1,0,"NO",1,76,1,1,1
100100519,202012,61,0,1,0,1,0,0,"NO",1,68,0,1,1
100100520,202012,37,1,1,0,1,0,0,"MOBILE STICK",1,87,0,1,0
100100521,202012,71,1,0,0,1,0,0,"NO",0,85,1,1,0
100100522,202012,44,0,0,0,1,1,0,"BUSINESS",1,45,0,1,0
100100523,202012,49,1,0,0,1,1,0,"MOBILE STICK",0,79,0,1,1
100100524,202012,58,1,1,0,1,0,1,"MOBILE STICK",1,65,0,1,0
100100525,202012,73,0,0,1,1,0,1,"MOBILE STICK",0,52,1,1,0
100100526,202012,44,1,0,0,1,0,1,"MOBILE STICK",1,77,0,1,1
100100527,202012,47,1,1,0,1,0,1,"BUSINESS",1,97,0,1,1
100100528,202012,70,1,1,0,1,1,1,"NO",0,77,0,1,1
100100529,202012,52,0,0,0,1,0,1,"NO",1,46,0,1,0
100100530,202012,58,0,0,0,1,0,1,"NO",1,49,1,1,0
100100531,202012,72,0,0,1,1,1,1,"MOBILE STICK",0,48,0,1,0
100100532,202012,45,0,1,0,1,0,0,"MOBILE STICK",0,67,0,1,1
100100533,202012,47,1,0,0,1,0,1,"BUSINESS",1,75,0,1,0
100100534,202012,45,0,1,0,1,0,1,"MOBILE STICK",1,44,0,1,1
100100535,202012,46,1,0,0,1,0,1,"NO",0,63,0,1,0
100100536,202012,38,0,1,0,1,1,1,"MOBILE STICK",1,56,0,1,1
100100537,202012,38,0,0,0,1,0,1,"NO",0,69,0,1,1
100100538,202012,43,1,1,0,1,1,1,"MOBILE STICK",1,80,0,1,1
100100539,202012,59,1,1,0,1,0,1,"NO",0,85,0,1,1
100100540,202012,55,0,1,0,1,0,1,"MOBILE STICK",1,59,1,1,1
100100541,202012,52,0,0,0,1,0,1,"BUSINESS",1,46,1,1,0
100100542,202012,72,1,0,1,1,0,1,"NO",0,77,1,1,0
100100543,202012,37,0,1,0,1,1,1,"NO",1,83,0,1,1
100100544,202012,64,0,0,0,1,0,0,"MOBILE STICK",0,50,0,1,0
100100545,202012,68,1,1,0,1,0,1,"MOBILE STICK",0,36,0,1,0
100100546,202012,53,0,0,0,1,0,0,"NO",1,40,0,1,0
100100547,202012,65,1,1,0,1,0,1,"MOBILE STICK",0,78,1,1,1
100100548,202012,42,1,0,0,1,1,1,"BUSINESS",1,64,0,1,1
100100549,202012,88,1,0,1,1,1,1,"NO",0,30,0,1,0
100100550,202012,61,0,0,0,1,0,1,"MOBILE STICK",0,44,1,1,0
100100551,202012,35,1,0,0,1,0,1,"MOBILE STICK",1,87,1,1,1
100100552,202012,47,1,1,0,1,0,1,"NO",1,89,0,1,1
100100553,202012,47,0,0,0,1,1,1,"MOBILE STICK",1,42,0,1,1
100100554,202012,49,1,1,1,1,0,0,"BUSINESS",1,86,1,1,1
100100555,202012,57,1,1,0,1,1,0,"NO",1,80,1,1,0
100100556,202012,60,0,1,0,1,0,1,"NO",0,43,0,1,0
100100557,202012,64,1,0,0,1,0,1,"NO",0,61,0,1,0
100100558,202012,31,1,1,0,1,0,0,"BUSINESS",1,61,1,1,1
100100559,202012,55,1,0,0,1,0,0,"MOBILE STICK",0,90,0,1,1
100100560,202012,46,0,0,0,1,1,1,"MOBILE STICK",1,71,0,1,0
100100561,202012,68,1,1,0,1,0,0,"MOBILE STICK",1,79,0,1,1
100100562,202012,47,0,1,0,1,0,1,"BUSINESS",0,71,0,1,1
100100563,202012,45,1,1,0,1,0,1,"BUSINESS",0,92,0,1,1
100100564,202012,40,0,1,0,1,0,1,"BUSINESS",0,51,0,1,0
100100565,202012,46,1,0,0,1,1,1,"NO",1,80,0,1,1
100100566,202012,27,1,1,0,1,0,1,"MOBILE STICK",0,101,0,1,1
100100567,202012,47,1,0,0,1,0,0,"NO",1,66,1,1,0
100100568,202012,44,0,1,0,1,1,0,"MOBILE STICK",1,48,0,1,1
100100569,202012,62,0,0,0,1,0,1,"MOBILE STICK",0,62,0,1,0
100100570,202012,46,0,0,0,1,0,0,"MOBILE STICK",1,54,0,1,1
100100571,202012,52,0,0,0,1,0,1,"NO",1,35,0,1,0
100100572,202012,30,0,0,0,1,0,1,"BUSINESS",0,57,0,1,1
100100573,202012,76,1,0,0,1,1,0,"NO",0,28,1,1,0
100100574,202012,49,0,0,0,1,0,1,"MOBILE STICK",0,40,0,1,0
100100575,202012,34,0,0,0,1,1,1,"NO",1,83,1,1,1
100100576,202012,64,1,0,0,1,1,1,"BUSINESS",0,70,0,1,0
100100577,202012,46,0,1,0,1,1,1,"BUSINESS",1,66,1,1,1
100100578,202012,42,1,1,0,1,0,1,"NO",1,59,1,1,1
100100579,202012,68,1,1,0,1,0,1,"BUSINESS",0,71,0,1,0
100100580,202012,68,1,0,0,1,1,1,"BUSINESS",0,62,0,1,1
100100581,202012,74,0,0,0,1,0,1,"NO",0,55,0,1,0
100100582,202012,42,1,1,0,1,1,1,"NO",1,87,0,1,1
100100583,202012,43,0,0,0,1,1,1,"BUSINESS",1,46,1,1,0
100100584,202012,70,0,0,0,1,0,0,"NO",0,45,0,1,0
100100585,202012,37,1,0,0,1,1,0,"NO",1,93,1,1,1
100100586,202012,44,0,1,0,1,0,0,"BUSINESS",1,49,0,1,1
100100587,202012,77,1,1,1,1,1,0,"NO",0,30,1,1,0
100100588,202012,34,1,0,0,1,1,0,"NO",0,85,1,1,1
100100589,202012,75,1,0,0,1,0,1,"NO",0,77,0,1,0
100100590,202012,49,1,0,0,1,0,0,"MOBILE STICK",0,69,0,1,0
100100591,202012,34,0,1,0,1,0,1,"NO",0,62,1,1,1
100100592,202012,50,1,1,1,1,1,1,"NO",1,70,1,1,1
100100593,202012,53,0,1,0,1,0,1,"MOBILE STICK",0,59,1,1,0
100100594,202012,48,1,1,0,1,0,1,"BUSINESS",1,74,0,1,1
100100595,202012,61,1,0,0,1,0,0,"NO",0,60,0,1,0
100100596,202012,56,0,0,0,1,0,0,"MOBILE STICK",1,56,0,1,1
100100597,202012,31,1,1,0,1,0,1,"MOBILE STICK",0,72,1,1,1
100100598,202012,65,1,0,0,1,0,1,"NO",0,81,0,1,0
100100599,202012,55,0,1,0,1,0,1,"NO",1,44,0,1,0
100100600,202012,35,1,1,0,1,0,0,"BUSINESS",1,104,0,1,1
100100601,202012,35,1,0,0,1,1,1,"MOBILE STICK",1,78,1,1,1
100100602,202012,45,1,0,0,1,1,1,"MOBILE STICK",1,89,0,1,1
100100603,202012,44,1,1,0,1,1,1,"MOBILE STICK",1,74,0,1,1
100100604,202012,20,0,0,0,1,0,0,"MOBILE STICK",1,62,0,1,1
100100605,202012,55,0,0,0,1,0,1,"MOBILE STICK",1,71,0,1,1
100100606,202012,42,1,1,0,1,0,1,"BUSINESS",1,84,1,1,0
100100607,202012,54,1,0,0,1,0,1,"NO",1,68,0,1,0
100100608,202012,80,0,0,1,1,0,0,"NO",0,11,0,1,0
100100609,202012,41,1,1,1,1,0,1,"MOBILE STICK",1,77,0,1,1
100100610,202012,73,1,1,1,1,0,1,"MOBILE STICK",0,77,0,1,1
100100611,202012,73,1,0,1,1,1,0,"MOBILE STICK",0,80,1,1,1
100100612,202012,64,1,0,0,1,0,1,"NO",0,81,1,1,0
100100613,202012,50,0,1,0,1,0,1,"MOBILE STICK",1,50,0,1,1
100100614,202012,57,1,0,0,1,1,0,"NO",0,54,1,1,0
100100615,202012,47,1,1,0,1,0,1,"NO",1,88,0,1,1
100100616,202012,47,0,0,0,1,1,1,"BUSINESS",0,60,0,1,1
100100617,202012,60,1,0,0,1,0,0,"NO",1,74,1,1,0
100100618,202012,48,1,1,0,1,1,0,"BUSINESS",0,67,0,1,1
100100619,202012,67,0,0,0,1,0,1,"NO",0,43,0,1,0
100100620,202012,43,1,1,0,1,1,1,"MOBILE STICK",1,78,1,1,1
100100621,202012,43,1,0,0,1,1,0,"NO",1,101,0,1,1
100100622,202012,59,1,0,0,1,0,1,"MOBILE STICK",1,97,0,1,1
100100623,202012,54,0,1,0,1,1,1,"BUSINESS",1,60,0,1,1
100100624,202012,55,1,0,0,1,0,0,"MOBILE STICK",1,81,1,1,0
100100625,202012,52,0,0,0,1,1,1,"MOBILE STICK",1,44,1,1,0
100100626,202012,57,0,0,0,1,0,0,"NO",0,46,0,1,0
100100627,202012,59,0,0,0,1,0,1,"MOBILE STICK",1,59,0,1,1
100100628,202012,80,0,1,1,1,0,1,"NO",0,11,0,1,0
100100629,202012,52,0,1,0,1,1,0,"MOBILE STICK",1,60,0,1,1
100100630,202012,49,0,0,0,1,0,0,"NO",1,52,0,1,0
100100631,202012,56,0,0,0,1,0,1,"NO",1,39,0,1,0
100100632,202012,35,0,1,0,1,0,1,"MOBILE STICK",1,45,0,1,1
100100633,202012,68,0,1,0,1,0,1,"MOBILE STICK",0,80,0,1,0
100100634,202012,54,0,0,0,1,1,1,"MOBILE STICK",1,55,0,1,1
100100635,202012,61,1,0,0,1,0,0,"NO",0,75,1,1,0
100100636,202012,48,0,1,0,1,0,0,"MOBILE STICK",1,55,1,1,1
100100637,202012,72,1,1,1,1,0,0,"NO",0,85,0,1,0
100100638,202012,71,0,0,0,1,0,1,"MOBILE STICK",0,46,0,1,0
100100639,202012,63,0,1,0,1,0,1,"NO",0,65,0,1,1
100100640,202012,60,0,0,0,1,0,1,"BUSINESS",1,57,0,1,0
100100641,202012,51,1,0,0,1,1,0,"NO",0,75,1,1,1
100100642,202012,43,0,1,0,1,0,1,"BUSINESS",1,44,0,1,0
100100643,202012,42,1,0,1,1,1,1,"NO",1,91,0,1,1
100100644,202012,66,0,0,0,1,0,0,"NO",0,63,1,1,0
100100645,202012,55,0,1,0,1,0,1,"BUSINESS",1,52,0,1,0
100100646,202012,32,0,1,0,1,1,0,"MOBILE STICK",1,47,0,1,1
100100647,202012,60,0,0,0,1,0,1,"BUSINESS",1,58,0,1,0
100100648,202012,53,0,1,0,1,0,1,"NO",1,43,1,1,0
100100649,202012,46,1,1,0,1,0,1,"BUSINESS",0,78,1,1,1
100100650,202012,48,0,1,0,1,1,1,"BUSINESS",1,74,0,1,1
100100651,202012,43,0,1,0,1,0,0,"NO",0,44,1,1,1
100100652,202012,68,1,1,1,1,1,1,"MOBILE STICK",0,77,0,1,0
100100653,202012,75,1,0,0,1,0,0,"MOBILE STICK",0,73,1,1,0
100100654,202012,60,0,0,0,1,1,1,"BUSINESS",1,53,0,1,0
100100655,202012,64,0,1,0,1,0,0,"NO",0,53,0,1,0
100100656,202012,59,0,0,0,1,0,1,"NO",1,47,0,1,0
100100657,202012,66,0,1,0,1,0,0,"MOBILE STICK",0,52,0,1,0
100100658,202012,62,0,0,0,1,1,1,"MOBILE STICK",0,47,1,1,0
100100659,202012,51,1,1,0,1,1,1,"NO",1,82,1,1,1
100100660,202012,60,1,1,0,1,0,1,"BUSINESS",0,74,1,1,1
100100661,202012,50,0,0,0,1,0,1,"BUSINESS",1,53,1,1,0
100100662,202012,74,0,0,1,1,1,0,"NO",0,65,0,1,0
100100663,202012,55,1,0,0,1,1,1,"MOBILE STICK",1,71,0,1,1
100100664,202012,62,0,1,0,1,0,0,"NO",0,45,0,1,0
100100665,202012,54,0,1,0,1,0,1,"NO",1,44,1,1,0
100100666,202012,34,1,0,1,1,1,1,"NO",1,92,1,1,1
100100667,202012,64,0,0,0,1,1,0,"BUSINESS",0,47,0,1,0
100100668,202012,39,0,0,0,1,0,1,"NO",0,60,0,1,0
100100669,202012,54,1,0,0,1,0,1,"NO",1,69,1,1,0
100100670,202012,66,1,1,0,1,0,0,"MOBILE STICK",0,64,0,1,0
100100671,202012,57,1,0,0,1,0,0,"NO",1,78,1,1,0
100100672,202012,52,1,0,0,1,0,0,"NO",0,64,0,1,0
100100673,202012,39,1,1,0,1,1,0,"NO",1,75,0,1,1
100100674,202012,62,1,0,0,1,0,0,"NO",0,65,0,1,0
100100675,202012,44,0,1,0,1,0,0,"MOBILE STICK",1,60,0,1,0
100100676,202012,50,0,1,0,1,0,1,"NO",0,81,0,1,1
100100677,202012,42,0,1,0,1,1,0,"NO",0,47,0,1,1
100100678,202012,55,0,1,0,1,0,1,"MOBILE STICK",0,41,1,1,0
100100679,202012,38,0,1,0,1,1,1,"NO",1,50,1,1,1
100100680,202012,48,0,1,0,1,1,1,"MOBILE STICK",1,37,0,1,0
100100681,202012,49,0,0,0,1,0,1,"NO",0,52,1,1,0
100100682,202012,63,0,1,0,1,0,1,"NO",0,51,0,1,0
100100683,202012,28,0,1,0,1,0,1,"NO",1,56,0,1,1
100100684,202012,57,0,0,0,1,0,0,"BUSINESS",1,45,1,1,0
100100685,202012,35,1,1,0,1,0,1,"NO",0,86,1,1,1
100100686,202012,36,1,1,0,1,1,1,"NO",1,60,0,1,1
100100687,202012,59,0,0,0,1,0,1,"NO",1,63,0,1,0
100100688,202012,51,1,1,0,1,0,1,"MOBILE STICK",1,71,1,1,0
100100689,202012,52,1,0,0,1,0,0,"NO",1,79,1,1,0
100100690,202012,70,1,0,0,1,0,1,"MOBILE STICK",0,69,0,1,0
100100691,202012,21,1,1,0,1,0,1,"NO",1,80,1,1,1
100100692,202012,50,0,0,0,1,1,0,"NO",1,47,0,1,0
100100693,202012,55,1,1,0,1,1,0,"MOBILE STICK",1,74,0,1,1
100100694,202012,39,1,1,1,1,1,1,"NO",1,90,0,1,1
100100695,202012,53,1,1,0,1,0,0,"MOBILE STICK",1,71,0,1,0
100100696,202012,50,1,0,0,1,1,1,"BUSINESS",0,58,0,1,0
100100697,202012,55,1,0,0,1,1,1,"NO",1,84,0,1,1
100100698,202012,67,0,1,0,1,0,1,"NO",0,41,0,1,0
100100699,202012,43,1,1,0,1,0,1,"MOBILE STICK",1,58,0,1,1
100100700,202012,54,0,0,0,1,0,1,"NO",1,59,1,1,1
100100701,202012,64,1,1,0,1,0,0,"NO",0,69,0,1,0
100100702,202012,36,1,1,0,1,0,1,"BUSINESS",1,85,0,1,1
100100703,202012,31,1,1,0,1,0,1,"BUSINESS",1,94,1,1,1
100100704,202012,47,1,0,0,1,0,1,"MOBILE STICK",1,89,1,1,1
100100705,202012,49,1,0,0,1,0,0,"NO",1,62,0,1,0
100100706,202012,35,0,1,0,1,0,1,"NO",1,66,0,1,1
100100707,202012,56,1,1,0,1,0,1,"MOBILE STICK",1,71,0,1,0
100100708,202012,32,0,1,0,1,0,1,"MOBILE STICK",0,65,0,1,1
100100709,202012,47,0,1,0,1,0,1,"MOBILE STICK",1,56,0,1,1
100100710,202012,59,0,1,1,1,0,0,"NO",0,43,0,1,0
100100711,202012,55,0,1,0,1,1,1,"MOBILE STICK",1,70,0,1,1
100100712,202012,69,1,1,0,1,1,0,"MOBILE STICK",0,81,0,1,1
100100713,202012,63,0,0,0,1,0,0,"NO",0,57,1,1,0
100100714,202012,74,1,1,0,1,1,1,"BUSINESS",0,64,0,1,0
100100715,202012,52,0,1,0,1,0,0,"BUSINESS",1,22,1,1,0
100100716,202012,56,1,0,0,1,0,1,"NO",0,65,0,1,0
100100717,202012,63,1,0,0,1,0,1,"BUSINESS",1,71,0,1,0
100100718,202012,54,1,0,0,1,0,1,"NO",1,90,1,1,0
100100719,202012,25,0,1,1,1,0,0,"BUSINESS",1,60,1,1,1
100100720,202012,60,0,0,1,1,0,1,"BUSINESS",1,27,0,1,0
100100721,202012,52,1,0,0,1,0,1,"MOBILE STICK",1,65,1,1,0
100100722,202012,68,0,0,0,1,0,0,"MOBILE STICK",0,40,1,1,0
100100723,202012,43,1,1,0,1,1,1,"NO",1,85,0,1,1
100100724,202012,40,0,1,0,1,1,0,"BUSINESS",1,57,0,1,1
100100725,202012,77,0,1,1,1,0,0,"NO",0,20,1,1,1
100100726,202012,44,1,1,0,1,0,1,"MOBILE STICK",1,89,0,1,1
100100727,202012,55,0,1,0,1,0,0,"NO",1,41,0,1,0
100100728,202012,48,0,0,0,1,0,0,"MOBILE STICK",1,71,0,1,1
100100729,202012,29,1,0,1,1,0,0,"MOBILE STICK",1,73,1,1,1
100100730,202012,57,1,1,0,1,0,0,"MOBILE STICK",1,68,1,1,0
100100731,202012,56,0,0,0,1,0,0,"NO",1,46,0,1,0
100100732,202012,50,1,1,0,1,0,0,"NO",0,59,1,1,1
100100733,202012,75,0,0,1,1,0,1,"NO",0,46,0,1,0
100100734,202012,35,1,1,0,1,1,0,"MOBILE STICK",1,59,0,1,1
100100735,202012,38,1,1,0,1,1,1,"NO",1,65,0,1,1
100100736,202012,60,0,0,0,1,0,0,"MOBILE STICK",1,52,0,1,0
100100737,202012,49,1,0,0,1,1,0,"BUSINESS",1,73,0,1,0
100100738,202012,64,1,1,0,1,0,1,"BUSINESS",1,77,0,1,0
100100739,202012,43,1,1,0,1,0,1,"NO",0,73,0,1,1
100100740,202012,70,0,1,0,1,0,1,"BUSINESS",0,55,0,1,0
100100741,202012,43,1,0,0,1,0,1,"NO",0,81,0,1,0
100100742,202012,38,0,0,0,1,1,0,"BUSINESS",0,45,0,1,0
100100743,202012,46,0,1,1,1,0,1,"NO",1,66,1,1,1
100100744,202012,48,1,1,0,1,0,1,"MOBILE STICK",1,63,0,1,1
100100745,202012,53,0,1,0,1,0,1,"NO",0,46,0,1,0
100100746,202012,54,1,0,0,1,0,1,"NO",1,70,1,1,0
100100747,202012,57,1,1,0,1,1,0,"NO",1,85,0,1,1
100100748,202012,40,0,1,0,1,0,1,"NO",1,51,1,1,1
100100749,202012,59,1,1,0,1,0,1,"BUSINESS",1,67,0,1,0
100100750,202012,65,1,0,0,1,0,1,"NO",0,71,1,1,0
100100751,202012,76,1,0,1,1,0,1,"BUSINESS",0,30,1,1,0
100100752,202012,51,1,0,0,1,0,1,"NO",1,88,1,1,1
100100753,202012,77,0,0,0,1,1,1,"MOBILE STICK",0,12,1,1,0
100100754,202012,65,0,0,0,1,0,0,"NO",0,53,0,1,0
100100755,202012,60,1,0,0,1,0,1,"NO",1,73,1,1,0
100100756,202012,37,1,0,1,1,0,1,"NO",1,62,0,1,0
100100757,202012,48,1,0,0,1,1,1,"BUSINESS",0,104,0,1,1
100100758,202012,57,0,0,0,1,0,1,"BUSINESS",1,52,1,1,0
100100759,202012,37,1,1,0,1,1,0,"NO",1,85,0,1,1
100100760,202012,57,1,0,0,1,0,1,"NO",0,57,0,1,0
100100761,202012,65,0,1,0,1,0,1,"NO",0,48,1,1,0
100100762,202012,44,1,1,0,1,1,1,"MOBILE STICK",1,78,1,1,1
100100763,202012,57,0,1,0,1,0,0,"MOBILE STICK",0,58,0,1,0
100100764,202012,38,1,1,0,1,1,0,"NO",1,85,1,1,1
100100765,202012,25,1,0,0,1,1,1,"BUSINESS",0,78,0,1,1
100100766,202012,61,1,0,0,1,1,1,"MOBILE STICK",0,75,0,1,0
100100767,202012,53,1,1,0,1,0,0,"BUSINESS",0,84,1,1,1
100100768,202012,64,1,1,0,1,1,1,"MOBILE STICK",0,80,0,1,0
100100769,202012,60,1,1,0,1,1,1,"NO",0,91,1,1,1
100100770,202012,49,1,1,0,1,0,0,"NO",1,85,1,1,1
100100771,202012,41,0,0,0,1,0,1,"MOBILE STICK",1,38,0,1,0
100100772,202012,35,0,0,0,1,1,0,"NO",0,57,0,1,1
100100773,202012,47,1,1,0,1,1,0,"NO",1,76,0,1,1
100100774,202012,44,0,1,0,1,0,0,"NO",1,75,1,1,1
100100775,202012,55,1,0,0,1,0,1,"MOBILE STICK",0,68,1,1,0
100100776,202012,58,1,0,0,1,0,0,"NO",1,63,1,1,0
100100777,202012,45,1,1,0,1,1,1,"NO",0,100,1,1,1
100100778,202012,27,0,1,0,1,0,1,"MOBILE STICK",1,76,0,1,1
100100779,202012,37,1,1,0,1,1,1,"MOBILE STICK",1,79,1,1,1
100100780,202012,70,0,0,0,1,0,0,"NO",0,55,0,1,0
100100781,202012,55,0,0,0,1,0,1,"MOBILE STICK",0,39,1,1,0
100100782,202012,57,1,0,0,1,0,1,"NO",0,76,1,1,0
100100783,202012,71,0,1,1,1,1,0,"NO",0,44,0,1,0
100100784,202012,60,1,0,0,1,0,1,"NO",1,69,0,1,0
100100785,202012,43,0,0,0,1,0,1,"MOBILE STICK",1,42,0,1,0
100100786,202012,52,1,0,0,1,0,1,"MOBILE STICK",1,49,1,1,0
100100787,202012,42,1,1,0,1,1,1,"NO",1,66,0,1,1
100100788,202012,59,0,1,0,1,1,0,"MOBILE STICK",1,68,1,1,1
100100789,202012,23,0,1,0,1,0,0,"NO",1,47,1,1,1
100100790,202012,42,0,1,0,1,1,1,"NO",1,54,0,1,1
100100791,202012,55,0,1,0,1,0,1,"NO",1,40,1,1,0
100100792,202012,56,1,0,0,1,0,1,"BUSINESS",1,69,0,1,0
100100793,202012,47,0,0,0,1,1,1,"NO",1,66,0,1,1
100100794,202012,36,1,0,0,1,1,0,"NO",1,77,0,1,1
100100795,202012,72,1,0,1,1,0,1,"NO",0,60,0,1,0
100100796,202012,38,1,0,0,1,1,1,"NO",1,86,1,1,1
100100797,202012,60,1,1,0,1,1,0,"BUSINESS",1,81,0,1,1
100100798,202012,37,1,1,0,1,0,0,"NO",1,94,0,1,1
100100799,202012,49,1,0,0,1,1,0,"NO",1,79,1,1,1
100100800,202012,83,1,0,1,1,1,0,"BUSINESS",0,30,0,1,0
100100801,202012,37,1,1,0,1,1,1,"NO",1,76,0,1,1
100100802,202012,54,0,0,0,1,1,0,"BUSINESS",1,69,0,1,1
100100803,202012,69,0,0,0,1,0,0,"NO",0,51,0,1,0
100100804,202012,51,1,1,0,1,0,1,"NO",1,75,0,1,1
100100805,202012,53,1,1,0,1,1,1,"NO",1,71,0,1,0
100100806,202012,67,0,1,0,1,1,1,"NO",0,52,1,1,0
100100807,202012,56,1,1,0,1,1,1,"NO",1,97,0,1,1
100100808,202012,40,0,1,0,1,1,1,"NO",1,70,1,1,1
100100809,202012,48,1,1,0,1,1,0,"NO",1,76,0,1,1
100100810,202012,61,0,1,0,1,0,1,"BUSINESS",0,50,0,1,0
100100811,202012,64,0,0,0,1,0,0,"NO",0,58,0,1,0
100100812,202012,54,0,0,0,1,0,1,"MOBILE STICK",1,35,0,1,0
100100813,202012,78,1,0,1,1,1,1,"NO",0,31,0,1,0
100100814,202012,44,0,1,0,1,0,0,"MOBILE STICK",1,62,1,1,1
100100815,202012,53,1,1,0,1,0,0,"MOBILE STICK",1,92,0,1,1
100100816,202012,23,1,0,0,1,1,0,"MOBILE STICK",1,86,1,1,1
100100817,202012,30,1,1,0,1,0,0,"NO",1,88,1,1,1
100100818,202012,59,0,0,0,1,0,1,"NO",1,54,1,1,0
100100819,202012,29,1,1,0,1,1,0,"NO",1,89,0,1,1
100100820,202012,49,1,1,0,1,0,0,"NO",1,105,1,1,1
100100821,202012,69,0,0,0,1,0,1,"MOBILE STICK",0,51,0,1,0
100100822,202012,58,0,0,0,1,1,1,"BUSINESS",1,59,0,1,0
100100823,202012,37,1,0,0,1,1,0,"MOBILE STICK",1,82,1,1,0
100100824,202012,51,1,0,0,1,0,1,"MOBILE STICK",0,57,1,1,0
100100825,202012,62,1,0,0,1,0,1,"NO",0,69,1,1,0
100100826,202012,74,0,0,1,1,0,0,"NO",0,46,0,1,0
100100827,202012,54,1,0,0,1,0,1,"NO",0,62,1,1,0
100100828,202012,63,0,1,0,1,0,0,"NO",0,42,1,1,0
100100829,202012,49,0,1,0,1,1,0,"MOBILE STICK",1,54,0,1,1
100100830,202012,36,1,1,0,1,1,1,"MOBILE STICK",1,74,1,1,1
100100831,202012,52,0,0,0,1,1,1,"NO",1,59,1,1,0
100100832,202012,74,0,0,1,1,0,0,"NO",0,57,1,1,0
100100833,202012,69,0,0,0,1,0,0,"BUSINESS",0,49,0,1,0
100100834,202012,43,1,1,0,1,1,0,"NO",1,80,1,1,1
100100835,202012,26,0,1,0,1,1,1,"MOBILE STICK",1,79,0,1,1
100100836,202012,56,1,1,0,1,0,1,"MOBILE STICK",0,57,0,1,0
100100837,202012,68,0,0,0,1,0,1,"NO",0,52,0,1,0
100100838,202012,52,1,1,0,1,1,0,"NO",1,87,1,1,1
100100839,202012,55,1,1,0,1,1,1,"NO",1,83,0,1,1
100100840,202012,52,1,0,0,1,0,1,"NO",1,66,1,1,0
100100841,202012,53,1,1,0,1,1,1,"MOBILE STICK",0,85,0,1,1
100100842,202012,59,1,1,0,1,1,0,"BUSINESS",1,78,0,1,1
100100843,202012,57,0,0,0,1,0,0,"NO",1,44,0,1,0
100100844,202012,38,1,0,0,1,1,1,"NO",0,80,0,1,1
100100845,202012,39,0,0,0,1,0,0,"NO",1,52,0,1,0
100100846,202012,64,1,1,0,1,0,1,"BUSINESS",0,70,0,1,0
100100847,202012,50,1,1,0,1,1,1,"MOBILE STICK",1,92,0,1,1
100100848,202012,65,0,0,0,1,0,0,"NO",0,59,0,1,0
100100849,202012,45,0,0,0,1,1,1,"NO",1,58,0,1,0
100100850,202012,56,0,0,0,1,1,0,"MOBILE STICK",1,53,1,1,1
100100851,202012,51,0,1,0,1,1,1,"NO",1,69,1,1,1
100100852,202012,49,0,1,1,1,1,0,"MOBILE STICK",1,61,0,1,1
100100853,202012,49,1,1,0,1,0,1,"BUSINESS",1,88,1,1,1
100100854,202012,68,1,1,0,1,1,0,"NO",0,74,0,1,0
100100855,202012,35,0,0,0,1,1,0,"BUSINESS",1,56,1,1,1
100100856,202012,34,1,1,0,1,0,0,"NO",1,82,1,1,1
100100857,202012,57,0,0,0,1,0,0,"NO",1,45,1,1,0
100100858,202012,44,1,1,0,1,0,0,"BUSINESS",0,77,0,1,1
100100859,202012,46,1,1,0,1,0,0,"BUSINESS",0,97,1,1,1
100100860,202012,60,1,0,0,1,1,1,"NO",1,84,0,1,0
100100861,202012,53,0,0,0,1,0,0,"NO",1,56,0,1,1
100100862,202012,52,0,0,0,1,0,0,"BUSINESS",1,45,0,1,0
100100863,202012,42,0,1,0,1,0,1,"BUSINESS",1,72,0,1,1
100100864,202012,64,0,1,0,1,0,1,"NO",1,50,0,1,0
100100865,202012,56,1,1,0,1,1,1,"NO",1,83,0,1,1
100100866,202012,49,0,1,0,1,1,0,"BUSINESS",0,59,1,1,1
100100867,202012,59,1,0,0,1,0,1,"NO",0,92,0,1,1
100100868,202012,42,0,0,0,1,0,1,"NO",1,53,0,1,0
100100869,202012,65,0,0,0,1,1,0,"BUSINESS",1,48,0,1,0
100100870,202012,58,1,0,0,1,0,0,"NO",1,79,0,1,0
100100871,202012,60,1,1,0,1,0,0,"NO",1,79,0,1,0
100100872,202012,70,1,0,0,1,0,1,"NO",0,75,0,1,0
100100873,202012,51,0,0,0,1,1,0,"MOBILE STICK",1,65,0,1,0
100100874,202012,44,1,1,0,1,0,1,"NO",1,76,1,1,1
100100875,202012,47,0,1,0,1,1,1,"BUSINESS",0,58,0,1,1
100100876,202012,45,0,1,0,1,1,0,"MOBILE STICK",1,56,0,1,1
100100877,202012,54,0,0,0,1,1,0,"MOBILE STICK",1,69,1,1,1
100100878,202012,64,1,0,0,1,0,1,"NO",0,70,0,1,0
100100879,202012,58,1,1,0,1,0,1,"NO",1,68,0,1,0
100100880,202012,40,1,0,0,1,1,0,"NO",0,50,0,1,1
100100881,202012,57,1,0,0,1,0,0,"NO",1,71,0,1,0
100100882,202012,44,1,1,0,1,1,1,"MOBILE STICK",0,78,0,1,1
100100883,202012,55,1,0,0,1,0,1,"NO",1,98,0,1,0
100100884,202012,65,1,1,0,1,1,1,"NO",0,59,1,1,0
100100885,202012,44,0,1,0,1,1,1,"MOBILE STICK",1,68,0,1,1
100100886,202012,42,1,0,0,1,1,1,"MOBILE STICK",1,86,0,1,1
100100887,202012,33,1,1,0,1,1,1,"NO",0,80,1,1,1
100100888,202012,25,1,0,0,1,1,0,"NO",1,84,1,1,1
100100889,202012,67,0,1,0,1,0,1,"NO",0,59,1,1,0
100100890,202012,43,0,0,0,1,0,0,"BUSINESS",1,48,1,1,0
100100891,202012,60,0,1,0,1,0,1,"MOBILE STICK",1,44,1,1,0
100100892,202012,45,0,1,0,1,1,1,"MOBILE STICK",1,54,0,1,1
100100893,202012,60,1,1,0,1,0,1,"MOBILE STICK",1,58,1,1,1
100100894,202012,65,1,0,0,1,0,1,"NO",0,68,0,1,0
100100895,202012,46,1,0,0,1,0,1,"BUSINESS",0,80,1,1,1
100100896,202012,48,0,0,0,1,1,1,"MOBILE STICK",0,74,0,1,1
100100897,202012,36,1,0,0,1,0,1,"NO",0,85,0,1,1
100100898,202012,44,1,1,0,1,1,1,"BUSINESS",1,89,0,1,1
100100899,202012,54,0,1,0,1,1,1,"NO",1,49,0,1,1
100100900,202012,38,1,1,0,1,1,1,"MOBILE STICK",1,85,0,1,1
100100901,202012,42,0,1,0,1,0,0,"MOBILE STICK",1,52,0,1,1
100100902,202012,34,1,1,0,1,0,1,"BUSINESS",1,83,1,1,1
100100903,202012,49,1,1,0,1,0,1,"NO",1,97,0,1,1
100100904,202012,49,0,0,1,1,1,1,"NO",0,47,0,1,1
100100905,202012,71,1,0,1,1,0,1,"BUSINESS",0,70,1,1,0
100100906,202012,33,0,0,0,1,0,1,"MOBILE STICK",1,59,0,1,1
100100907,202012,46,1,1,0,1,1,1,"MOBILE STICK",1,86,0,1,1
100100908,202012,55,1,1,0,1,0,1,"NO",0,90,1,1,0
100100909,202012,42,1,0,0,1,0,0,"NO",1,48,1,1,0
100100910,202012,58,1,0,0,1,1,1,"BUSINESS",1,92,0,1,1
100100911,202012,69,0,0,1,1,0,1,"BUSINESS",0,43,1,1,0
100100912,202012,52,0,1,0,1,0,0,"MOBILE STICK",1,61,0,1,1
100100913,202012,48,0,0,0,1,0,0,"MOBILE STICK",1,61,0,1,0
100100914,202012,49,0,0,0,1,0,1,"MOBILE STICK",1,65,0,1,0
100100915,202012,49,1,1,0,1,1,0,"MOBILE STICK",1,95,0,1,1
100100916,202012,38,1,0,0,1,1,0,"BUSINESS",1,98,1,1,1
100100917,202012,28,1,0,0,1,1,0,"NO",1,59,1,1,1
100100918,202012,68,1,1,0,1,0,1,"NO",0,64,0,1,0
100100919,202012,50,0,0,0,1,0,1,"NO",1,47,1,1,0
100100920,202012,47,1,0,0,1,0,0,"MOBILE STICK",1,76,0,1,0
100100921,202012,25,1,1,0,1,1,0,"NO",1,71,0,1,1
100100922,202012,65,0,1,0,1,1,0,"NO",1,45,0,1,0
100100923,202012,68,1,0,0,1,0,1,"NO",0,70,1,1,0
100100924,202012,63,1,0,0,1,0,0,"NO",0,52,0,1,0
100100925,202012,53,0,1,0,1,0,1,"MOBILE STICK",0,64,1,1,1
100100926,202012,57,0,1,0,1,0,1,"BUSINESS",1,59,0,1,1
100100927,202012,38,1,1,0,1,1,0,"NO",1,90,0,1,1
100100928,202012,41,1,1,0,1,1,1,"NO",0,70,0,1,1
100100929,202012,66,0,0,0,1,1,0,"NO",0,49,1,1,0
100100930,202012,38,1,0,0,1,1,1,"MOBILE STICK",1,91,0,1,1
100100931,202012,63,1,0,0,1,0,1,"NO",0,52,0,1,0
100100932,202012,42,0,1,0,1,0,0,"NO",1,68,0,1,1
100100933,202012,50,0,0,0,1,0,1,"MOBILE STICK",1,49,1,1,0
100100934,202012,54,0,0,0,1,0,1,"NO",0,37,0,1,0
100100935,202012,60,1,0,0,1,0,1,"NO",1,63,0,1,0
100100936,202012,63,1,0,1,1,0,0,"NO",0,61,0,1,0
100100937,202012,60,0,0,0,1,0,0,"NO",1,52,0,1,0
100100938,202012,43,0,0,0,1,0,1,"MOBILE STICK",1,76,0,1,1
100100939,202012,41,1,0,0,1,0,0,"NO",1,82,1,1,1
100100940,202012,55,1,0,0,1,1,1,"NO",0,65,1,1,0
100100941,202012,55,0,0,0,1,0,0,"MOBILE STICK",0,47,1,1,0
100100942,202012,45,0,1,0,1,0,1,"NO",1,55,1,1,0
100100943,202012,37,0,1,0,1,0,0,"BUSINESS",1,61,1,1,1
100100944,202012,60,1,1,0,1,0,1,"NO",0,76,0,1,0
100100945,202012,37,1,1,0,1,1,1,"MOBILE STICK",1,81,0,1,1
100100946,202012,53,1,0,0,1,0,1,"MOBILE STICK",0,70,0,1,0
100100947,202012,49,0,1,0,1,1,1,"NO",1,48,0,1,1
100100948,202012,36,0,0,0,1,1,1,"NO",1,48,0,1,1
100100949,202012,48,0,0,0,1,0,1,"NO",1,50,0,1,1
100100950,202012,44,1,0,0,1,1,1,"NO",1,80,0,1,1
100100951,202012,70,0,1,0,1,0,1,"NO",0,49,1,1,0
100100952,202012,61,0,1,0,1,1,1,"MOBILE STICK",0,71,0,1,0
100100953,202012,49,0,0,0,1,0,1,"BUSINESS",1,62,0,1,0
100100954,202012,72,0,0,1,1,0,1,"MOBILE STICK",0,62,0,1,0
100100955,202012,65,1,1,0,1,1,0,"NO",0,87,0,1,1
100100956,202012,67,0,1,0,1,0,0,"BUSINESS",0,47,0,1,0
100100957,202012,30,1,1,0,1,1,1,"BUSINESS",1,84,0,1,1
100100958,202012,37,1,1,0,1,1,1,"NO",0,79,0,1,1
100100959,202012,59,1,0,0,1,1,1,"BUSINESS",1,61,1,1,0
100100960,202012,64,0,0,1,1,1,1,"BUSINESS",0,63,1,1,1
100100961,202012,46,1,0,0,1,0,1,"BUSINESS",1,72,1,1,1
100100962,202012,76,1,1,1,1,0,1,"NO",0,29,0,1,0
100100963,202012,53,1,0,0,1,1,1,"NO",1,77,1,1,1
100100964,202012,50,0,0,0,1,0,0,"NO",0,50,0,1,0
100100965,202012,43,0,1,0,1,1,1,"NO",0,48,0,1,1
100100966,202012,58,1,1,0,1,0,0,"NO",1,67,0,1,1
100100967,202012,54,0,1,0,1,1,0,"MOBILE STICK",1,67,1,1,1
100100968,202012,71,0,0,1,1,0,1,"BUSINESS",0,55,0,1,0
100100969,202012,58,0,0,0,1,1,1,"NO",1,63,1,1,0
100100970,202012,40,1,1,0,1,0,1,"MOBILE STICK",1,72,1,1,1
100100971,202012,32,1,0,0,1,0,1,"MOBILE STICK",1,75,1,1,1
100100972,202012,58,0,0,0,1,0,1,"NO",1,73,0,1,0
100100973,202012,76,0,0,1,1,0,1,"MOBILE STICK",0,10,0,1,0
100100974,202012,63,1,0,0,1,0,0,"MOBILE STICK",0,70,1,1,0
100100975,202012,65,0,0,1,1,0,0,"MOBILE STICK",0,46,1,1,0
100100976,202012,32,1,1,0,1,0,0,"BUSINESS",1,75,1,1,1
100100977,202012,81,1,0,0,1,1,1,"NO",0,31,0,1,0
100100978,202012,68,1,0,0,1,1,0,"NO",0,78,1,1,0
100100979,202012,46,0,0,0,1,0,1,"MOBILE STICK",1,48,1,1,0
100100980,202012,49,0,1,1,1,1,1,"MOBILE STICK",0,58,0,1,1
100100981,202012,44,0,0,1,1,1,0,"BUSINESS",0,39,1,1,0
100100982,202012,32,0,0,0,1,1,1,"MOBILE STICK",1,68,0,1,0
100100983,202012,51,1,1,0,1,1,1,"BUSINESS",1,84,0,1,1
100100984,202012,55,1,0,0,1,0,1,"MOBILE STICK",1,63,1,1,0
100100985,202012,64,0,1,0,1,0,1,"NO",1,49,1,1,0
100100986,202012,44,0,0,1,1,0,0,"BUSINESS",1,52,0,1,1
100100987,202012,46,1,0,0,1,0,1,"NO",1,76,0,1,1
100100988,202012,52,0,1,0,1,0,1,"MOBILE STICK",1,52,0,1,1
100100989,202012,33,0,1,0,1,1,0,"MOBILE STICK",1,69,0,1,1
100100990,202012,62,1,0,0,1,1,1,"NO",0,78,0,1,0
100100991,202012,52,0,0,0,1,0,0,"MOBILE STICK",1,59,1,1,0
100100992,202012,67,0,1,1,1,0,1,"MOBILE STICK",0,47,1,1,0
100100993,202012,65,0,0,0,1,1,0,"NO",0,44,1,1,0
100100994,202012,57,1,0,0,1,0,1,"NO",1,37,0,1,0
100100995,202012,48,1,1,0,1,0,0,"NO",1,77,0,1,0
100100996,202012,50,0,1,0,1,1,1,"BUSINESS",1,51,0,1,1
100100997,202012,57,0,0,0,1,0,0,"MOBILE STICK",1,77,0,1,1
100100998,202012,47,1,1,0,1,1,0,"BUSINESS",1,78,0,1,1
100100999,202012,69,0,0,0,1,0,1,"NO",1,51,0,1,0
100101000,202012,55,1,0,0,1,1,1,"NO",1,80,1,1,0
100101001,202012,55,0,0,0,1,0,1,"NO",1,43,0,1,0
100101002,202012,54,1,0,0,1,1,0,"NO",1,74,0,1,0
100101003,202012,56,1,1,0,1,0,1,"NO",0,82,0,1,0
100101004,202012,67,1,0,0,1,0,0,"BUSINESS",0,72,0,1,0
100101005,202012,63,0,0,0,1,1,1,"MOBILE STICK",0,68,0,1,0
100101006,202012,41,0,0,0,1,0,0,"MOBILE STICK",1,46,0,1,0
100101007,202012,41,0,1,0,1,0,0,"BUSINESS",1,58,0,1,0
100101008,202012,60,1,0,0,1,0,1,"NO",1,77,0,1,0
100101009,202012,42,1,1,0,1,1,0,"BUSINESS",1,82,1,1,1
100101010,202012,46,0,0,0,1,1,1,"NO",1,73,1,1,1
100101011,202012,51,1,0,0,1,1,1,"NO",1,79,1,1,1
100101012,202012,60,1,0,0,1,1,1,"NO",0,68,1,1,0
100101013,202012,75,0,1,0,1,1,1,"NO",0,51,1,1,0
100101014,202012,48,1,0,0,1,1,1,"MOBILE STICK",0,87,0,1,1
100101015,202012,47,1,0,0,1,0,1,"NO",1,61,1,1,0
100101016,202012,49,0,0,0,1,1,1,"NO",1,37,1,1,0
100101017,202012,62,1,0,0,1,0,0,"NO",0,60,1,1,0
100101018,202012,54,0,0,0,1,1,1,"BUSINESS",1,55,0,1,1
100101019,202012,51,1,1,0,1,0,1,"NO",1,89,0,1,1
100101020,202012,44,1,1,0,1,1,1,"BUSINESS",1,74,0,1,0
100101021,202012,55,0,0,1,1,1,1,"BUSINESS",0,61,0,1,1
100101022,202012,48,0,1,0,1,1,0,"BUSINESS",1,68,1,1,1
100101023,202012,58,0,0,0,1,0,1,"NO",1,61,1,1,0
100101024,202012,76,0,0,0,1,0,1,"NO",0,10,0,1,0
100101025,202012,53,0,1,0,1,0,1,"NO",1,49,0,1,0
100101026,202012,45,0,0,0,1,1,1,"BUSINESS",1,58,1,1,1
100101027,202012,53,1,0,0,1,0,1,"NO",1,83,0,1,0
100101028,202012,44,1,1,0,1,0,1,"NO",1,76,1,1,1
100101029,202012,66,1,1,0,1,0,1,"MOBILE STICK",0,71,0,1,0
100101030,202012,49,1,1,0,1,0,1,"NO",1,81,0,1,0
100101031,202012,29,1,0,0,1,0,0,"NO",1,94,1,1,1
100101032,202012,61,0,0,0,1,0,1,"MOBILE STICK",0,58,0,1,0
100101033,202012,61,0,0,0,1,0,1,"BUSINESS",0,49,1,1,0
100101034,202012,59,0,0,0,1,0,1,"NO",1,53,0,1,0
100101035,202012,49,0,1,0,1,1,0,"NO",0,39,1,1,1
100101036,202012,67,1,1,0,1,0,1,"NO",0,56,1,1,0
100101037,202012,57,0,1,1,1,0,0,"MOBILE STICK",1,33,0,1,0
100101038,202012,48,0,0,0,1,0,0,"MOBILE STICK",1,61,0,1,0
100101039,202012,38,1,0,0,1,1,0,"NO",0,88,0,1,1
100101040,202012,52,0,0,0,1,0,1,"NO",1,61,0,1,0
100101041,202012,59,0,0,0,1,0,1,"NO",1,67,0,1,1
100101042,202012,39,1,1,1,1,0,1,"BUSINESS",1,78,0,1,1
100101043,202012,51,1,1,0,1,1,1,"NO",1,85,0,1,1
100101044,202012,48,0,1,1,1,1,0,"NO",0,66,0,1,1
100101045,202012,33,1,1,0,1,1,0,"MOBILE STICK",1,93,1,1,1
100101046,202012,28,1,1,0,1,1,0,"NO",1,72,1,1,1
100101047,202012,25,1,1,0,1,1,1,"NO",1,84,1,1,1
100101048,202012,51,0,1,0,1,0,1,"NO",1,47,1,1,1
100101049,202012,45,0,0,0,1,0,1,"MOBILE STICK",1,42,0,1,1
100101050,202012,64,0,0,0,1,0,1,"BUSINESS",0,35,0,1,0
100101051,202012,51,1,0,0,1,0,1,"NO",1,61,0,1,1
100101052,202012,59,1,1,0,1,0,1,"MOBILE STICK",1,61,0,1,0
100101053,202012,58,1,1,0,1,1,1,"NO",1,67,1,1,1
100101054,202012,40,1,1,0,1,1,1,"MOBILE STICK",1,98,1,1,1
100101055,202012,60,0,0,0,1,0,1,"NO",1,58,1,1,0
100101056,202012,66,0,0,0,1,1,0,"BUSINESS",0,48,1,1,0
100101057,202012,59,0,1,0,1,1,1,"NO",0,56,0,1,1
100101058,202012,53,0,1,0,1,1,0,"NO",0,75,1,1,1
100101059,202012,49,1,1,0,1,1,1,"NO",0,83,0,1,1
100101060,202012,60,0,0,0,1,0,0,"BUSINESS",1,42,0,1,0
100101061,202012,52,1,1,1,1,1,0,"BUSINESS",0,79,0,1,1
100101062,202012,48,0,1,0,1,0,0,"MOBILE STICK",1,50,1,1,0
100101063,202012,51,1,1,0,1,0,0,"BUSINESS",0,79,0,1,1
100101064,202012,64,0,0,0,1,0,1,"NO",0,72,0,1,0
100101065,202012,61,0,1,0,1,0,0,"NO",0,60,1,1,0
100101066,202012,67,1,0,0,1,0,1,"NO",0,76,0,1,0
100101067,202012,52,0,0,0,1,1,1,"MOBILE STICK",1,55,0,1,1
100101068,202012,68,0,0,0,1,0,0,"NO",0,65,0,1,0
100101069,202012,37,0,1,0,1,1,1,"NO",1,68,0,1,1
100101070,202012,47,1,0,0,1,1,1,"BUSINESS",1,53,1,1,0
100101071,202012,32,0,1,0,1,1,0,"NO",0,53,1,1,1
100101072,202012,72,0,0,1,1,0,1,"NO",0,66,0,1,0
100101073,202012,44,1,1,0,1,0,1,"NO",0,61,1,1,1
100101074,202012,27,0,1,0,1,1,0,"NO",1,56,0,1,1
100101075,202012,65,1,1,0,1,0,0,"BUSINESS",0,71,0,1,0
100101076,202012,63,1,1,0,1,0,0,"NO",0,59,0,1,0
100101077,202012,39,0,1,0,1,1,1,"NO",1,73,0,1,1
100101078,202012,26,1,1,0,1,0,0,"MOBILE STICK",1,75,1,1,1
100101079,202012,44,1,1,0,1,1,0,"BUSINESS",1,76,1,1,1
100101080,202012,58,0,1,0,1,0,0,"MOBILE STICK",0,44,0,1,1
100101081,202012,55,1,0,0,1,1,1,"MOBILE STICK",1,70,1,1,0
100101082,202012,60,0,1,0,1,1,1,"BUSINESS",1,44,0,1,0
100101083,202012,45,0,0,0,1,0,1,"MOBILE STICK",0,46,0,1,0
100101084,202012,53,1,0,0,1,0,1,"BUSINESS",1,68,1,1,0
100101085,202012,80,0,0,0,1,1,0,"MOBILE STICK",0,11,0,1,0
100101086,202012,39,1,1,0,1,0,1,"MOBILE STICK",0,73,1,1,1
100101087,202012,45,1,1,0,1,0,1,"BUSINESS",0,74,0,1,1
100101088,202012,67,1,1,0,1,0,1,"BUSINESS",0,81,1,1,1
100101089,202012,55,1,1,0,1,1,1,"NO",1,83,0,1,1
100101090,202012,53,0,1,0,1,0,1,"NO",1,42,0,1,1
100101091,202012,34,1,1,0,1,0,1,"MOBILE STICK",0,66,1,1,1
100101092,202012,54,0,0,0,1,0,1,"NO",1,50,1,1,0
100101093,202012,68,1,1,0,1,1,1,"NO",0,89,0,1,1
100101094,202012,49,0,1,0,1,0,1,"BUSINESS",1,52,0,1,0
100101095,202012,67,0,0,0,1,0,1,"NO",0,44,0,1,0
100101096,202012,74,0,0,0,1,0,1,"NO",0,48,0,1,0
100101097,202012,55,0,0,0,1,1,0,"NO",1,70,0,1,1
100101098,202012,75,1,0,1,1,0,1,"NO",0,78,1,1,0
100101099,202012,43,0,1,0,1,1,1,"NO",0,1e+05,0,1,0
